{
    "6061_T6_Aluminum": {
        "tables": {
            "yield": {
                "temp_degC": [
                    -251.9216667, -250.2744444, -246.9805556, -243.6861111, -240.3922222,
                    -235.4511111, -230.51, -225.5688889, -222.2744444, -218.9805556,
                    -214.0394444, -210.745, -205.8038889, -200.8627778, -195.9216667,
                    -190.9805556, -186.0394444, -181.0977778, -174.51, -169.5688889,
                    -162.9805556, -156.3922222, -148.1566667, -139.9216667, -128.3922222,
                    -116.8627778, -106.9805556, -95.45111111, -85.56888889, -75.68611111,
                    -65.80394444, -55.92155556, -46.03922222, -36.15688889, -29.56861111,
                    -19.68627222, -9.803944444, 0.078444444, 6.666666667, 13.25488889,
                    21.49022222, 26.43138889, 33.01961111, 39.60777778, 47.84333333,
                    56.07833333, 62.66666667, 69.255, 77.49, 87.37277778, 95.60777778,
                    103.8433333, 112.0783333, 120.3138889, 125.255
                ],
                "shear_bar": [
                    3871.227072, 3829.511081, 3787.795091, 3746.079101, 3696.00308,
                    3654.28709, 3595.879092, 3545.831126, 3512.447112, 3487.423128,
                    3445.707138, 3403.991148, 3370.635188, 3345.611204, 3312.22719,
                    3278.843177, 3245.487217, 3220.463233, 3187.079219, 3162.055236,
                    3137.031252, 3111.979215, 3086.955232, 3061.931248, 3036.907265,
                    3020.215258, 3003.523251, 2995.191274, 2986.831244, 2970.167291,
                    2970.167291, 2953.475284, 2945.115254, 2928.451301, 2911.759294,
                    2895.067287, 2878.37528, 2861.683273, 2853.351297, 2836.65929,
                    2811.635306, 2803.294914, 2778.265319, 2761.578923, 2736.549329,
                    2711.519735, 2694.833339, 2669.803744, 2644.77415, 2603.05816,
                    2569.685368, 2544.655773, 2511.282981, 2477.910189, 2444.537397
                ]
            },
            "ultimate": {
                "temp_degC": [
                    -239.997348, -214.77033, -200.7547644, -181.1337504, -164.3157384,
                    -141.8911668, -122.2701528, -101.24736, -80.2245672, -56.3990502,
                    -25.56580596, 8.0705514, 57.123642, 101.971674, 130.0022496,
                    144.0172596, 172.0478352, 214.0928652, 228.1084308, 246.327666,
                    267.3504588, 305.1912636, 343.0320684],
                "shear_bar": [
                    4504.747455, 4217.42412, 4041.31572, 3874.477815, 3753.96138,
                    3614.93496, 3512.959515, 3438.82656, 3373.933095, 3327.58062,
                    3244.17717, 3142.201725, 2975.366921, 2780.717531, 2613.873425,
                    2382.148256, 1872.348543, 1065.942599, 834.214329, 621.0270495,
                    426.3776595, 268.8028083, 203.9192649]
            }
        },
        "density_kgccm": 0.002663,
        "costrate_$kg": 4.45
    },
    "316SS": {
        "tables": {
            "yield": {
                "temp_degC": [
                    -253.15, -233.15, -213.15, -196.15, -193.15,
                    -173.15, -168.15, -153.15, -133.15, -113.15,
                    -93.15, -78.15, -40.15, -0.15, 0,
                    27, 149, 260, 371, 482,
                    593, 704, 816, 927
                ],
                "shear_bar": [
                    6413.793103, 6099.213551, 5784.633999, 5517.241379, 5465.517241,
                    5120.689655, 5034.482759, 4850.574713, 4605.363985, 4360.153257,
                    4114.942529, 3931.034483, 3103.448276, 2758.62069, 2758,
                    2900, 2010, 1720, 1590, 1480,
                    1400, 1310, 1100, 1
                ]
            },
            "ultimate": {
                "temp_degC": [
                    -273, -250, -225, -200, -180,
                    -160, -140, -120, -100, -80,
                    -60, -40, -20, -10, 0,
                    27, 149, 260, 371, 482,
                    593, 704, 816, 927
                ],
                "shear_bar": [
                    13896, 13259.1, 12575.88, 11869.5, 11348.4,
                    10769.4, 10248.3, 9669.3, 9148.2, 8569.2,
                    8048.1, 7469.1, 6948, 6658.5, 6369,
                    5790, 5170, 5030, 5000, 4840,
                    4520, 3450, 1860, 800
                ]
            }
        },
        "density_kgccm": 0.008027,
        "costrate_$kg": 4.92
    },
    "4130_cromoly": {
        "tables": {
            "yield": {
                "temp_degC": [
                    -253.15, -233.15, -213.15, -196.15, -193.15,
                    -173.15, -168.15, -153.15, -133.15, -113.15,
                    -93.15, -78.15, -40.15, -0.15, 0,
                    427, 538, 649, 650, 1000
                ],
                "shear_bar": [
                    7239, 7239, 7239, 7239, 7239,
                    7239, 7239, 7239, 7239, 7239,
                    7239, 7239, 7239, 7239, 7239,
                    7239, 7239, 7239, 7239, 7239
                ]
            },
            "ultimate": {
                "temp_degC": [
                    -253.15, -233.15, -213.15, -196.15, -193.15,
                    -173.15, -168.15, -153.15, -133.15, -113.15,
                    -93.15, -78.15, -40.15, -0.15, 0,
                    427, 538, 649, 650, 1000
                ],
                "shear_bar": [
                    8963, 8963, 8963, 8963, 8963,
                    8963, 8963, 8963, 8963, 8963,
                    8963, 8963, 8963, 8963, 8963,
                    8963, 8963, 8963, 8963, 8963
                ]
            }
        },
        "density_kgccm": 0.0077,
        "costrate_$kg": 2.55
    },
    "steel": {
        "tables": {
            "yield": {
                "temp_degC": [
                    -253.15, -233.15, -213.15, -196.15, -193.15,
                    -173.15, -168.15, -153.15, -133.15, -113.15,
                    -93.15, -78.15, -40.15, -0.15, 0,
                    427, 538, 649, 650, 1000
                ],
                "shear_bar": [
                    10043, 10043, 10043, 10043, 10043,
                    10043, 10043, 10043, 10043, 10043,
                    10043, 10043, 10043, 10043, 10043,
                    10043, 10043, 10043, 10043, 10043
                ]
            },
            "ultimate": {
                "temp_degC": [
                    -253.15, -233.15, -213.15, -196.15, -193.15,
                    -173.15, -168.15, -153.15, -133.15, -113.15,
                    -93.15, -78.15, -40.15, -0.15, 0,
                    427, 538, 649, 650, 1000
                ],
                "shear_bar": [
                    11187, 11187, 11187, 11187, 11187,
                    11187, 11187, 11187, 11187, 11187,
                    11187, 11187, 11187, 11187, 11187,
                    11187, 11187, 11187, 11187, 11187
                ]
            }
        },
        "density_kgccm": 0.00785,
        "costrate_$kg": 3.01
    },
    "liner_aluminum": {
        "shear_ultimate_bar": 3103.0,
        "density_kgccm": 0.002663,
        "costrate_$kg": 4.45
    },
    "carbon_fiber": {
        "shear_ultimate_bar": 15306,
        "fiber_translation_efficiency": 0.80,
        "layer_thickness_cm": 0.09144,
        "min_layer": 3,
        "density_kgccm": 1.611e-3,
        "costrate_$kg": 30.65
    },
    "HDPE": {
        "density_kgccm": 94.587e-6,
        "costrate_$kg": 2.06
    }
}
